URL,Title,Location,Company
https://www.indeed.com/rc/clk?jk=00ffb92b97dc5445&fccid=44febd19aa990dbc,Law Enforcement Officer,"Orlando, FL","
University of Central Florida"
https://www.indeed.com/rc/clk?jk=0477e6320aba389e&fccid=f4f7c75667c03728, Police,"Orlando, FL","
City of Orlando"
https://www.indeed.com/rc/clk?jk=bf1379ad6c9201e5&fccid=f4f7c75667c03728, Police,"Orlando, FL","
City of Orlando"
https://www.indeed.com/rc/clk?jk=5c13b9d8a4ec3c47&fccid=95fcff06e59f4033,Deployment Response / Disaster Recovery Security Officer,"Orlando, FL 32817","
G4S"
https://www.indeed.com/rc/clk?jk=e65e17963f2f023f&fccid=b0fe59bb1a307406, Police,"Winter Garden, FL 34787","
City of Winter Garden"
https://www.indeed.com/rc/clk?jk=5095e802411afe99&fccid=8ea81f5d716014e5, Police,"City of Saint Cloud, FL",
https://www.indeed.com/rc/clk?jk=d019c8100b16ac2a&fccid=d97b64ef2d47fbac, Police,"Longwood, FL",
https://www.indeed.com/rc/clk?jk=4809240db2a444f8&fccid=5f365c098d5b8e17,Crime Analyst,"Ocoee, FL","
City of Ocoee, FL"
https://www.indeed.com/company/The-Brantly-Corporation/jobs/Disaster-Response-Officer-543ae53c73983117?fccid=e63dd03cdb70ba2a,Disaster Response Officer,"Orlando, FL 32806",
https://www.indeed.com/rc/clk?jk=22beb15dc0a33984&fccid=3d0047f3dac7c304,Loss Prevention Officer,"Orlando, FL",
https://www.indeed.com/rc/clk?jk=d2aa9fc3ada9bda7&fccid=3242a4a2809a62af,Security Officer,"Orlando, FL 32836","
Westgate Resorts"
https://www.indeed.com/company/Seminole-County-Sheriff-Office/jobs/Communication-Specialist-0e8b8b66438b9b7d?fccid=898a55a2d93267d6,Communications Specialist,"Sanford, FL 32773",
https://www.indeed.com/rc/clk?jk=995687542458e02e&fccid=586ff15a77ff4338,Appliance Technician,"Kissimmee, FL","
Holiday Inn Club Vacations"
https://www.indeed.com/company/City-of-Winter-Springs/jobs/Dispatcher-3dbad036fa428098?fccid=238ed50d298329ba,911 Dispatcher,"Winter Springs, FL 32708","
City of Winter Springs"
https://www.indeed.com/company/New-Orleans-Police-Department/jobs/Police-Officer-4b9d86ca0b6c88b4?fccid=2da3024bc66f0cb7, Police,"Orlando, FL","
New Orleans "
https://www.indeed.com/company/Orange-Lake-Resort/jobs/Appliance-Technician-9ceb69c5dadfef45?fccid=2aa7acee718208ae,Appliance Technician,"Kissimmee, FL",
https://www.indeed.com/rc/clk?jk=d12980bbda9ef2b6&fccid=7490ab3047cf1756,FED Security Officer,"Orlando, FL","
Paragon Systems, Inc."
https://www.indeed.com/rc/clk?jk=be7cc44d70a60883&fccid=8ea81f5d716014e5,Communications Operator,"City of Saint Cloud, FL",
https://www.indeed.com/rc/clk?jk=75fb85c5ccc13f27&fccid=d9e59e4d99667aa0,Project Manager I,"Lake Mary, FL 32746","
Superion"
https://www.indeed.com/rc/clk?jk=94565939f21f1695&fccid=586ff15a77ff4338,General Maintenance Tech III,"Kissimmee, FL","
Holiday Inn Club Vacations"
https://www.indeed.com/rc/clk?jk=3daac3eaaf72a916&fccid=210fc3a035da1704,Wireless Assistant Sales Manager,"Lake Mary, FL 32746","
Elite Wireless Group Inc - Cricket Wireless Dealer"
https://www.indeed.com/rc/clk?jk=d7cb25e99e95302a&fccid=88f748bf5ce6ce9d,Senior Property Adjuster,"Orlando, FL 32828","
Engle Martin & Associates"
https://www.indeed.com/company/Westgate-Resorts/jobs/Security-Officer-Shift-6447437554c14542?fccid=3242a4a2809a62af,Security Officer,"Orlando, FL","
Westgate Resorts"
https://www.indeed.com/rc/clk?jk=27eef1532885692d&fccid=e804135770a971b8,Flex Unarmed Security Officer,"Orlando, FL","
Walden Security"
https://www.indeed.com/company/Admiral-Security-Services/jobs/Security-Officer-e70847fc81ff6e37?fccid=5cb0eb558623c70e,Security Officer,"Sanford, FL","
Admiral Security Services"
https://www.indeed.com/rc/clk?jk=1eb019f73dc19940&fccid=d9e59e4d99667aa0,Proposal Specialist II,"Lake Mary, FL 32746","
Superion"
https://www.indeed.com/rc/clk?jk=6842d1f2e4ef9030&fccid=210fc3a035da1704,Assistant Sales Manager,"Sanford, FL","
Elite Wireless Group Inc - Cricket Wireless Dealer"
